x,y,yaw
4.303101814711773,1.5167908492424873,0.0
4.264960945002805,1.5167908492424873,0.0
4.239960944630276,1.5167908492424873,0.0
4.214960944257747,1.5167908492424873,0.0
4.189960943885218,1.5167908492424873,0.0
4.164960943512689,1.5167908492424873,0.0
4.13996094314016,1.5167908492424873,0.0
4.114960942767631,1.5167908492424873,0.0
4.089960942395102,1.5167908492424873,0.0
4.064960942022573,1.5167908492424873,0.0
4.039960941650044,1.5167908492424873,0.0
4.014960941277515,1.5167908492424873,0.0
3.989960940904986,1.5167908492424873,0.0
3.964960940532457,1.5167908492424873,0.0
3.939960940159928,1.5167908492424873,0.0
3.914960939787399,1.5167908492424873,0.0
3.8899609394148698,1.5167908492424873,0.0
3.8649609390423407,1.5167908492424873,0.0
3.8399609386698117,1.5167908492424873,0.0
3.8149609382972827,1.5167908492424873,0.0
3.7899609379247536,1.5167908492424873,0.0
3.7649609375522246,1.5167908492424873,0.0
3.7399609371796956,1.5167908492424873,0.0
3.7149609368071665,1.5167908492424873,0.0
3.6899609364346375,1.5167908492424873,0.0
3.6649609360621085,1.5167908492424873,0.0
3.6399609356895795,1.5167908492424873,0.0
3.6149609353170504,1.5167908492424873,0.0
3.5899609349445214,1.5167908492424873,0.0
3.5649609345719924,1.5167908492424873,0.0
3.5399609341994633,1.5167908492424873,0.0
3.5149609338269343,1.5167908492424873,0.0
3.4899609334544053,1.5167908492424873,0.0
3.4649609330818762,1.5167908492424873,0.0
3.439960932709347,1.5167908492424873,0.0
3.414960932336818,1.5167908492424873,0.0
3.389960931964289,1.5167908492424873,0.0
3.36496093159176,1.5167908492424873,0.0
3.339960931219231,1.5167908492424873,0.0
3.314960930846702,1.5167908492424873,0.0
3.289960930474173,1.5167908492424873,0.0
3.264960930101644,1.5167908492424873,0.0
3.239960929729115,1.5167908492424873,0.0
3.214960929356586,1.5167908492424873,0.0
3.189960928984057,1.5167908492424873,0.0
3.164960928611528,1.5167908492424873,0.0
3.139960928238999,1.5167908492424873,0.0
3.11496092786647,1.5167908492424873,0.0
3.089960927493941,1.5167908492424873,0.0
3.0649609271214118,1.5167908492424873,0.0
3.0399609267488827,1.5167908492424873,0.0
3.0149609263763537,1.5167908492424873,0.0
2.9899609260038247,1.5167908492424873,0.0
2.9649609256312957,1.5167908492424873,0.0
2.9399609252587666,1.5167908492424873,0.0
2.9149609248862376,1.5167908492424873,0.0
2.8899609245137086,1.5167908492424873,0.0
2.8649609241411795,1.5167908492424873,0.0
2.8399609237686505,1.5167908492424873,0.0
2.8149609233961215,1.5167908492424873,0.0
2.7899609230235924,1.5167908492424873,0.0
2.7649609226510634,1.5167908492424873,0.0
2.7399609222785344,1.5167908492424873,0.0
2.7149609219060054,1.5167908492424873,0.0
2.6899609215334763,1.5167908492424873,0.0
2.6649609211609473,1.5167908492424873,0.0
2.6399609207884183,1.5167908492424873,0.0
2.6149609204158892,1.5167908492424873,0.0
2.58996092004336,1.5167908492424873,0.0
2.564960919670831,1.5167908492424873,0.0
2.539960919298302,1.5167908492424873,0.0
2.514960918925773,1.5167908492424873,0.0
2.489960918553244,1.5167908492424873,0.0
2.464960918180715,1.5167908492424873,0.0
2.439960917808186,1.5167908492424873,0.0
2.414960917435657,1.5167908492424873,0.0
2.389960917063128,1.5167908492424873,0.0
2.364960916690599,1.5167908492424873,0.0
2.33996091631807,1.5167908492424873,0.0
2.314960915945541,1.5167908492424873,0.0
2.289960915573012,1.5167908492424873,0.0
2.264960915200483,1.5167908492424873,0.0
2.239960914827954,1.5167908492424873,0.0
2.2149609144554248,1.5167908492424873,0.0
2.1899609140828957,1.5167908492424873,0.0
2.1649609137103667,1.5167908492424873,0.0
2.1399609133378377,1.5167908492424873,0.0
2.1149609129653086,1.5167908492424873,0.0
2.0899609125927796,1.5167908492424873,0.0
2.0649609122202506,1.5167908492424873,0.0
2.0399609118477215,1.5167908492424873,0.0
2.0149609114751925,1.5167908492424873,0.0
1.9899609111026635,1.5167908492424873,0.0
1.9649609107301345,1.5167908492424873,0.0
1.9399609103576054,1.5167908492424873,0.0
1.9149609099850764,1.5167908492424873,0.0
1.8899609096125474,1.5167908492424873,0.0
1.8649609092400183,1.5167908492424873,0.0
1.8399609088674893,1.5167908492424873,0.0
1.8149609084949603,1.5167908492424873,0.0
1.7899609081224312,1.5167908492424873,0.0
1.7649609077499022,1.5167908492424873,0.0
1.7399609073773732,1.5167908492424873,0.0
1.7149609070048442,1.5167908492424873,0.0
1.6899609066323151,1.5167908492424873,0.0
1.664960906259786,1.5167908492424873,0.0
1.639960905887257,1.5167908492424873,0.0
1.614960905514728,1.5167908492424873,0.0
1.589960905142199,1.5167908492424873,0.0
1.56496090476967,1.5167908492424873,0.0
1.539960904397141,1.5167908492424873,0.0
1.514960904024612,1.5167908492424873,0.0
1.489960903652083,1.5167908492424873,0.0
1.4649609032795539,1.5167908492424873,0.0
1.4399609029070248,1.5167908492424873,0.0
1.4149609025344958,1.5167908492424873,0.0
1.3899609021619668,1.5167908492424873,0.0
1.3649609017894377,1.5167908492424873,0.0
1.3399609014169087,1.5167908492424873,0.0
1.3149609010443797,1.5167908492424873,0.0
1.2899609006718507,1.5167908492424873,0.0
1.2649609002993216,1.5167908492424873,0.0
1.2399608999267926,1.5167908492424873,0.0
1.2149608995542636,1.5167908492424873,0.0
1.1899608991817345,1.5167908492424873,0.0
1.1649608988092055,1.5167908492424873,0.0
1.1399608984366765,1.5167908492424873,0.0
1.1149608980641474,1.5167908492424873,0.0
1.0899608976916184,1.5167908492424873,0.0
1.0649608973190894,1.5167908492424873,0.0
1.0399608969465604,1.5167908492424873,0.0
1.0149608965740313,1.5167908492424873,0.0
0.9899608962015023,1.5167908492424873,0.0
0.9649608958289733,1.5167908492424873,0.0
0.9399608954564442,1.5167908492424873,0.0
0.9149608950839152,1.5167908492424873,0.0
0.8899608947113862,1.5167908492424873,0.0
0.8649608943388571,1.5167908492424873,0.0
0.8399608939663281,1.5167908492424873,0.0
0.8149608935937991,1.5167908492424873,0.0
0.78996089322127,1.5167908492424873,0.0
0.764960892848741,1.5167908492424873,0.0
0.739960892476212,1.5167908492424873,0.0
0.714960892103683,1.5167908492424873,0.0
0.6899608917311539,1.5167908492424873,0.0
0.6649608913586249,1.5167908492424873,0.0
0.6399608909860959,1.5167908492424873,0.0
0.6149608906135668,1.5167908492424873,0.0
0.5899608902410378,1.5167908492424873,0.0
0.5649608898685088,1.5167908492424873,0.0
0.5399608894959798,1.5167908492424873,0.0
0.5149608891234507,1.5167908492424873,0.0
0.4899608887509217,1.5167908492424873,0.0
0.46496088837839267,1.5167908492424873,0.0
0.43996088800586364,1.5167908492424873,0.0
0.4149608876333346,1.5167908492424873,0.0
0.3899608872608056,1.5167908492424873,0.0
0.36496088688827655,1.5167908492424873,0.0
0.3399608865157475,1.5167908492424873,0.0
0.3149608861432185,1.5167908492424873,0.0
0.28996088577068946,1.5167908492424873,0.0
0.26496088539816043,1.5167908492424873,0.0
0.2399608850256314,1.5167908492424873,0.0
0.21496088465310237,1.5167908492424873,0.0
0.18996088428057334,1.5167908492424873,0.0
0.1649608839080443,1.5167908492424873,0.0
0.13996088353551528,1.5167908492424873,0.0
0.11496088316298625,1.5167908492424873,0.0
0.08996088279045722,1.5167908492424873,0.0
0.06496088241792819,1.5167908492424873,0.0
0.03996088204539916,1.5167908492424873,0.0
0.01496088167287013,1.5167908492424873,0.0
-0.0100391186996589,1.5167908492424873,0.0
-0.03503911907218793,1.5167908492424873,0.0
-0.06003911944471696,1.5167908492424873,0.0
-0.08503911981724599,1.5167908492424873,0.0
-0.11003912018977502,1.5167908492424873,0.0
-0.13503912056230405,1.5167908492424873,0.0
-0.16003912093483308,1.5167908492424873,0.0
-0.1850391213073621,1.5167908492424873,0.0
-0.21003912167989114,1.5167908492424873,0.0
-0.23503912205242017,1.5167908492424873,0.0
-0.2600391224249492,1.5167908492424873,0.0
-0.28503912279747823,1.5167908492424873,0.0
-0.31003912317000726,1.5167908492424873,0.0
-0.3350391235425363,1.5167908492424873,0.0
-0.3600391239150653,1.5167908492424873,0.0
-0.38503912428759435,1.5167908492424873,0.0
-0.4100391246601234,1.5167908492424873,0.0
-0.4350391250326524,1.5167908492424873,0.0
-0.46003912540518144,1.5167908492424873,0.0
-0.48503912577771047,1.5167908492424873,0.0
-0.5100391261502395,1.5167908492424873,0.0
-0.5350391265227685,1.5167908492424873,0.0
-0.5600391268952976,1.5167908492424873,0.0
-0.5850391272678266,1.5167908492424873,0.0
-0.6100391276403556,1.5167908492424873,0.0
-0.6350391280128846,1.5167908492424873,0.0
-0.6600391283854137,1.5167908492424873,0.0
-0.6850391287579427,1.5167908492424873,0.0
-0.7100391291304717,1.5167908492424873,0.0
-0.7350391295030008,1.5167908492424873,0.0
-0.7600391298755298,1.5167908492424873,0.0
-0.7850391302480588,1.5167908492424873,0.0
-0.8100391306205879,1.5167908492424873,0.0
-0.8350391309931169,1.5167908492424873,0.0
-0.8600391313656459,1.5167908492424873,0.0
-0.885039131738175,1.5167908492424873,0.0
-0.910039132110704,1.5167908492424873,0.0
-0.935039132483233,1.5167908492424873,0.0
-0.960039132855762,1.5167908492424873,0.0
-0.9850391332282911,1.5167908492424873,0.0
-1.01003913360082,1.5167908492424873,0.0
-1.0350391339733491,1.5167908492424873,0.0
-1.0600391343458782,1.5167908492424873,0.0
-1.0850391347184072,1.5167908492424873,0.0
-1.1100391350909362,1.5167908492424873,0.0
-1.1350391354634652,1.5167908492424873,0.0
-1.1600391358359943,1.5167908492424873,0.0
-1.1850391362085233,1.5167908492424873,0.0
-1.2100391365810523,1.5167908492424873,0.0
-1.2350391369535814,1.5167908492424873,0.0
-1.2600391373261104,1.5167908492424873,0.0
-1.2850391376986394,1.5167908492424873,0.0
-1.3100391380711685,1.5167908492424873,0.0
-1.3350391384436975,1.5167908492424873,0.0
-1.3600391388162265,1.5167908492424873,0.0
-1.3850391391887555,1.5167908492424873,0.0
-1.4100391395612846,1.5167908492424873,0.0
-1.4350391399338136,1.5167908492424873,0.0
-1.4600391403063426,1.5167908492424873,0.0
-1.4850391406788717,1.5167908492424873,0.0
-1.5100391410514007,1.5167908492424873,0.0
-1.5350391414239297,1.5167908492424873,0.0
-1.5600391417964588,1.5167908492424873,0.0
-1.5850391421689878,1.5167908492424873,0.0
-1.6100391425415168,1.5167908492424873,0.0
-1.6350391429140458,1.5167908492424873,0.0
-1.6600391432865749,1.5167908492424873,0.0
-1.685039143659104,1.5167908492424873,0.0
-1.710039144031633,1.5167908492424873,0.0
-1.735039144404162,1.5167908492424873,0.0
-1.760039144776691,1.5167908492424873,0.0
-1.78503914514922,1.5167908492424873,0.0
-1.810039145521749,1.5167908492424873,0.0
-1.835039145894278,1.5167908492424873,0.0
-1.860039146266807,1.5167908492424873,0.0
-1.8850391466393361,1.5167908492424873,0.0
-1.9100391470118652,1.5167908492424873,0.0
-1.9350391473843942,1.5167908492424873,0.0
-1.9600391477569232,1.5167908492424873,0.0
-1.9850391481294523,1.5167908492424873,0.0
-2.0100391485019813,1.5167908492424873,0.0
-2.0350391488745103,1.5167908492424873,0.0
-2.0600391492470393,1.5167908492424873,0.0
-2.0850391496195684,1.5167908492424873,0.0
-2.1100391499920974,1.5167908492424873,0.0
-2.1350391503646264,1.5167908492424873,0.0
-2.1600391507371555,1.5167908492424873,0.0
-2.1850391511096845,1.5167908492424873,0.0
-2.2100391514822135,1.5167908492424873,0.0
-2.2350391518547426,1.5167908492424873,0.0
-2.2600391522272716,1.5167908492424873,0.0
-2.2850391525998006,1.5167908492424873,0.0
-2.3100391529723296,1.5167908492424873,0.0
-2.3350391533448587,1.5167908492424873,0.0
-2.3600391537173877,1.5167908492424873,0.0
-2.3850391540899167,1.5167908492424873,0.0
-2.4100391544624458,1.5167908492424873,0.0
-2.435039154834975,1.5167908492424873,0.0
-2.460039155207504,1.5167908492424873,0.0
-2.485039155580033,1.5167908492424873,0.0
-2.510039155952562,1.5167908492424873,0.0
-2.535039156325091,1.5167908492424873,0.0
-2.56003915669762,1.5167908492424873,0.0
-2.585039157070149,1.5167908492424873,0.0
-2.610039157442678,1.5167908492424873,0.0
-2.635039157815207,1.5167908492424873,0.0
-2.660039158187736,1.5167908492424873,0.0
-2.685039158560265,1.5167908492424873,0.0
-2.710039158932794,1.5167908492424873,0.0
-2.735039159305323,1.5167908492424873,0.0
-2.760039159677852,1.5167908492424873,0.0
-2.785039160050381,1.5167908492424873,0.0
-2.8100391604229102,1.5167908492424873,0.0
-2.8350391607954393,1.5167908492424873,0.0
-2.8600391611679683,1.5167908492424873,0.0
-2.8850391615404973,1.5167908492424873,0.0
-2.9100391619130264,1.5167908492424873,0.0
-2.9350391622855554,1.5167908492424873,0.0
-2.9600391626580844,1.5167908492424873,0.0
-2.9850391630306135,1.5167908492424873,0.0
-3.0100391634031425,1.5167908492424873,0.0
-3.0350391637756715,1.5167908492424873,0.0
-3.0600391641482005,1.5167908492424873,0.0
-3.0850391645207296,1.5167908492424873,0.0
-3.1100391648932586,1.5167908492424873,0.0
-3.1350391652657876,1.5167908492424873,0.0
-3.1600391656383167,1.5167908492424873,0.0
-3.1850391660108457,1.5167908492424873,0.0
-3.2100391663833747,1.5167908492424873,0.0
-3.2350391667559038,1.5167908492424873,0.0
-3.260039167128433,1.5167908492424873,0.0
-3.285039167500962,1.5167908492424873,0.0
-3.310039167873491,1.5167908492424873,0.0
-3.33503916824602,1.5167908492424873,0.0
-3.360039168618549,1.5167908492424873,0.0
-3.385039168991078,1.5167908492424873,0.0
-3.410039169363607,1.5167908492424873,0.0
-3.435039169736136,1.5167908492424873,0.0
-3.460039170108665,1.5167908492424873,0.0
-3.485039170481194,1.5167908492424873,0.0
-3.510039170853723,1.5167908492424873,0.0
-3.535039171226252,1.5167908492424873,0.0
-3.560039171598781,1.5167908492424873,0.0
-3.58503917197131,1.5167908492424873,0.0
-3.610039172343839,1.5167908492424873,0.0
-3.6350391727163682,1.5167908492424873,0.0
-3.6600391730888973,1.5167908492424873,0.0
-3.6850391734614263,1.5167908492424873,0.0
-3.7100391738339553,1.5167908492424873,0.0
-3.7350391742064843,1.5167908492424873,0.0
-3.7600391745790134,1.5167908492424873,0.0
-3.7850391749515424,1.5167908492424873,0.0
-3.8100391753240714,1.5167908492424873,0.0
-3.8350391756966005,1.5167908492424873,0.0
-3.8600391760691295,1.5167908492424873,0.0
-3.8850391764416585,1.5167908492424873,0.0
-3.9100391768141876,1.5167900863030228,0.0
-3.9350391771867166,1.5167900863030228,0.0
-3.9600391775592456,1.5167900863030228,0.0
-3.9850391779317746,1.5167900863030228,0.0
-4.010039178304304,1.5167900863030228,0.0
-4.035039178676833,1.5167900863030228,0.0
-4.060039179049362,1.5167900863030228,0.0
-4.085039179421891,1.5167900863030228,0.0
-4.11003917979442,1.5167900863030228,0.0
-4.135039180166949,1.5167900863030228,0.0
-4.160039180539478,1.5167900863030228,0.0
-4.185039180912007,1.5167900863030228,0.0
-4.210039181284536,1.5167900863030228,0.0
-4.235039181657065,1.5167900863030228,0.0
-4.260039182029594,1.5167900863030228,0.0
-4.285039182402123,1.5167900863030228,0.0
-4.310039182774652,1.5167900863030228,0.0
-4.335039183147181,1.5167900863030228,0.0
-4.36003918351971,1.5167900863030228,0.0
-4.385039183892239,1.5167900863030228,0.0
-4.410039184264768,1.5167900863030228,0.0
-4.435039184637297,1.5167900863030228,0.0
-4.460039185009826,1.5167900863030228,0.0
-4.485039185382355,1.5167900863030228,0.0
-4.510039185754884,1.5167900863030228,0.0
-4.535039186127413,1.5167900863030228,0.0
-4.560039186499942,1.5167900863030228,0.0
-4.585039186872471,1.5167900863030228,0.0
-4.610039187245,1.5167900863030228,0.0
-4.635039187617529,1.5167900863030228,0.0
-4.6600391879900585,1.5167900863030228,0.0
-4.6850391883625875,1.5167900863030228,0.0
-4.7100391887351165,1.5167900863030228,0.0
-4.7350391891076455,1.5167900863030228,0.0
-4.760039189480175,1.5167900863030228,0.0
-4.785039189852704,1.5167900863030228,0.0
-4.810039190225233,1.5167900863030228,0.0
-4.835039190597762,1.5167900863030228,0.0
-4.860039190970291,1.5167900863030228,0.0
-4.88503919134282,1.5167893233635583,0.0
-4.910039191715349,1.5167893233635583,0.0
-4.935039192087878,1.5167893233635583,0.0
-4.960039192460407,1.5167893233635583,0.0
-4.985039192832936,1.5167893233635583,0.0
-5.010039193205465,1.5167893233635583,0.0
-5.035039193577994,1.5167893233635583,0.0
-5.060039193950523,1.5167893233635583,0.0
-5.085039194323052,1.5167893233635583,0.0
-5.110039194695581,1.5167893233635583,0.0
-5.13503919506811,1.5167893233635583,0.0
-5.160039195440639,1.5167893233635583,0.0
-5.185039195813168,1.5167893233635583,0.0
-5.210039196185697,1.5167893233635583,0.0
-5.235039196558226,1.5167893233635583,0.0
-5.260039196930755,1.5167893233635583,0.0
-5.285039197303284,1.5167893233635583,0.0
-5.310039197675813,1.5167893233635583,0.0
-5.335039198048342,1.5167885604240938,0.0
-5.360039198420871,1.5167885604240938,0.0
-5.3850391987934,1.5167885604240938,0.0
-5.410039199165929,1.5167885604240938,0.0
-5.435039199538458,1.5167885604240938,0.0
-5.460039199910987,1.5167885604240938,0.0
-5.485039200283516,1.5167885604240938,0.0
-5.5100392006560455,1.5167885604240938,0.0
-5.5350392010285745,1.5167885604240938,0.0
-5.5600392014011035,1.5167885604240938,0.0
-5.5850392017736326,1.5167885604240938,0.0
-5.610040728025091,1.5167885604240938,0.0
-5.63504072839762,1.5167877974846293,0.0
-5.660040728770149,1.5167877974846293,0.0
-5.685040729142678,1.5167877974846293,0.0
-5.710040729515207,1.5167877974846293,0.0
-5.735040729887736,1.5167877974846293,0.0
-5.760040730260265,1.5167877974846293,0.0
-5.785040730632794,1.5167877974846293,0.0
-5.810040731005323,1.5167877974846293,0.0
-5.835040731377852,1.5167877974846293,0.0
-5.860040731750381,1.5167870345451648,0.0
-5.88504073212291,1.5167870345451648,0.0
-5.910040732495439,1.5167870345451648,0.0
-5.935040732867968,1.5167870345451648,0.0
-5.960040733240497,1.5167870345451648,0.0
-5.985040733613026,1.5167870345451648,0.0
-6.010040733985555,1.5167870345451648,0.0
-6.035040734358084,1.5167870345451648,0.0
-6.060040734730613,1.5167862716057003,0.0
-6.085040735103142,1.5167862716057003,0.0
-6.110040735475671,1.5167862716057003,0.0
-6.1350407358482,1.5167862716057003,0.0
-6.160040736220729,1.5167862716057003,0.0
-6.185040736593258,1.5167862716057003,0.0
-6.210040736965787,1.5167855086662358,0.0
-6.235040737338316,1.5167855086662358,0.0
-6.260040737710845,1.5167855086662358,0.0
-6.285040738083374,1.5167855086662358,0.0
-6.310040738455903,1.5167855086662358,0.0
-6.335040738828432,1.5167847457267714,0.0
-6.3600407392009615,1.5167847457267714,0.0
-6.3850407395734905,1.5167847457267714,0.0
-6.4100407399460195,1.5167847457267714,0.0
-6.435040740318549,1.5167839827873069,0.0
-6.460040740691078,1.5167839827873069,0.0
-6.485040741063607,1.5167839827873069,0.0
-6.510040741436136,1.5167839827873069,0.0
-6.535040741808665,1.5167832198478424,0.0
-6.560040742181194,1.5167832198478424,0.0
-6.585040742553723,1.5167832198478424,0.0
-6.610040742926252,1.5167832198478424,0.0
-6.635040743298781,1.5167824569083779,0.0
-6.66004074367131,1.5167824569083779,0.0
-6.685040744043839,1.5167824569083779,0.0
-6.710040744416368,1.5167816939689134,0.0
-6.735040744788897,1.5167816939689134,0.0
-6.760040745161426,1.5167816939689134,0.0
-6.785040745533955,1.5167809310294489,0.0
-6.810040745906484,1.5167809310294489,0.0
-6.835040746279013,1.5167809310294489,0.0
-6.860040746651542,1.5167801680899844,0.0
-6.885040747024071,1.5167801680899844,0.0
-6.9100407473966,1.51677940515052,0.0
-6.935040747769129,1.51677940515052,0.0
-6.960040748141658,1.51677940515052,0.0
-6.985040748514187,1.5167786422110554,0.0
-7.010040748886716,1.5167786422110554,0.0
-7.035040749259245,1.516777879271591,0.0
-7.060040749631774,1.516777879271591,0.0
-7.085040750004303,1.5167771163321264,0.0
-7.110040750376832,1.5167771163321264,0.0
-7.135040750749361,1.516776353392662,0.0
-7.16004075112189,1.516776353392662,0.0
-7.1850407514944195,1.5167755904531974,0.0
-7.2100407518669485,1.5167755904531974,0.0
-7.2350407522394775,1.516774827513733,0.0
-7.2600407526120065,1.5167740645742684,0.0
-7.285040752984536,1.5167740645742684,0.0
-7.310040753357065,1.516773301634804,0.0
-7.335040753729594,1.5167725386953395,0.0
-7.360040754102123,1.5167725386953395,0.0
-7.385040754474652,1.516771775755875,0.0
-7.410040754847181,1.5167710128164105,0.0
-7.43504075521971,1.5167710128164105,0.0
-7.460040755592239,1.516770249876946,0.0
-7.485040755964768,1.5167694869374815,0.0
-7.510040756337297,1.516768723998017,0.0
-7.535040756709826,1.516768723998017,0.0
-7.560040757082355,1.5167679610585525,0.0
-7.585040757454884,1.516767198119088,0.0
-7.610040757827413,1.5167664351796235,0.0
-7.635040758199942,1.516765672240159,0.0
-7.660040758572471,1.5167649093006945,0.0
-7.685040758945,1.51676414636123,0.0
-7.710040759317529,1.5167633834217655,0.0
-7.735040759690058,1.516762620482301,0.0
-7.760040760062587,1.5167618575428365,0.0
-7.785040760435116,1.516761094603372,0.0
-7.810040760807645,1.5167603316639076,0.0
-7.835040761180174,1.516759568724443,0.0
-7.860040761552703,1.5167588057849786,0.0
-7.885040761925232,1.5167572799060496,0.0
-7.910040762297761,1.516756516966585,0.0
-7.93504076267029,1.5167557540271206,0.0
-7.960040763042819,1.516754991087656,0.0
-7.985040763415348,1.5167534652087271,0.0
-8.010040763787877,1.5167527022692626,0.0
-8.035040764160406,1.5167511763903336,0.0
-8.060040764532935,1.5167504134508691,0.0
-8.085040764905465,1.5167488875719402,0.0
-8.110040765277994,1.5167481246324757,0.0
-8.135040765650523,1.5167465987535467,0.0
-8.160040766023052,1.5167458358140822,0.0
-8.18504076639558,1.5167443099351532,0.0
-8.21004076676811,1.5167427840562242,0.0
-8.235040767140639,1.5167412581772952,0.0
-8.260040767513168,1.5167404952378307,0.0
-8.285040767885697,1.5167389693589017,0.0
-8.310040768258226,1.5167374434799727,0.0
-8.335040768630755,1.5167359176010438,0.0
-8.360040769003284,1.5167343917221148,0.0
-8.385040769375813,1.5167328658431858,0.0
-8.410040769748342,1.5167305770247923,0.0
-8.435040770120871,1.5167290511458633,0.0
-8.4600407704934,1.5167275252669343,0.0
-8.485040770865929,1.5167259993880053,0.0
-8.510040771238458,1.5167237105696119,0.0
-8.535040771610987,1.5167221846906829,0.0
-8.560040771983516,1.5167198958722894,0.0
-8.585040772356045,1.516717607053896,0.0
-8.610040772728574,1.516716081174967,0.0
-8.635040773101103,1.5167137923565734,0.0
-8.660040773473632,1.51671150353818,0.0
-8.685040773846161,1.5167092147197865,0.0
-8.71004077421869,1.516706925901393,0.0
-8.73504077459122,1.5167046370829995,0.0
-8.760040774963748,1.516702348264606,0.0
-8.785040775336277,1.5167000594462126,0.0
-8.810040775708806,1.5166970076883546,0.0
-8.835040776081335,1.516694718869961,0.0
-8.860040776453864,1.5166916671121031,0.0
-8.885040776826393,1.5166886153542452,0.0
-8.910040777198923,1.5166863265358517,0.0
-8.935040777571452,1.5166832747779937,0.0
-8.96004077794398,1.5166802230201357,0.0
-8.98504077831651,1.5166771712622777,0.0
-9.010040778689039,1.5166733565649553,0.0
-9.035040779061568,1.5166703048070973,0.0
-9.060040779434097,1.5166664901097748,0.0
-9.085040779806626,1.5166634383519169,0.0
-9.110040780179155,1.5166596236545944,0.0
-9.135040780551684,1.516655808957272,0.0
-9.160040780924213,1.5166519942599495,0.0
-9.185040781296742,1.516648179562627,0.0
-9.21004078166927,1.5166443648653045,0.0
-9.2350407820418,1.5166397872285176,0.0
-9.260040782414329,1.516635972531195,0.0
-9.285040782786858,1.5166313948944081,0.0
-9.310040783159387,1.5166268172576212,0.0
-9.335040783531916,1.5166222396208342,0.0
-9.360040783904445,1.5166168990445827,0.0
-9.385040784276974,1.5166123214077958,0.0
-9.410040784649503,1.5166069808315443,0.0
-9.435040785022032,1.5166024031947574,0.0
-9.460040785394561,1.516597062618506,0.0
-9.48504078576709,1.51659095910279,0.0
-9.51004078613962,1.5165856185265385,0.0
-9.535040786512148,1.5165795150108226,0.0
-9.560040786884677,1.5165734114951066,0.0
-9.585040787257206,1.5165673079793907,0.0
-9.610040787629735,1.5165612044636747,0.0
-9.635040788002264,1.5165543380084943,0.0
-9.660040788374793,1.5165482344927783,0.0
-9.685040788747322,1.5165413680375979,0.0
-9.710040789119851,1.516533738642953,0.0
-9.73504078949238,1.5165268721877725,0.0
-9.76004078986491,1.5165192427931276,0.0
-9.785040790237439,1.5165116133984826,0.0
-9.810040790609968,1.5165032210643732,0.0
-9.835040790982497,1.5164955916697282,0.0
-9.860040791355026,1.5164871993356188,0.0
-9.885040791727555,1.516478044062045,0.0
-9.910040792100084,1.5164696517279355,0.0
-9.935040792472613,1.5164604964543615,0.0
-9.960040792845142,1.5164513411807876,0.0
-9.985039267338742,1.5164414229677492,0.0
-10.01003926771127,1.5164315047547108,0.0
-10.0350392680838,1.5164208236022079,0.0
-10.060039268456329,1.5164109053891695,0.0
-10.085039268828858,1.5164002242366665,0.0
-10.110039269201387,1.5163887801446991,0.0
-10.135039269573916,1.5163773360527317,0.0
-10.160039269946445,1.5163658919607643,0.0
-10.185039270318974,1.5163536849293324,0.0
-10.210039270691503,1.5163414778979005,0.0
-10.235039271064032,1.5163285079270041,0.0
-10.260039271436561,1.5163155379561077,0.0
-10.28503927180909,1.5163018050457469,0.0
-10.31003927218162,1.516288072135386,0.0
-10.335039272554148,1.5162735762855606,0.0
-10.360039272926677,1.5162590804357352,0.0
-10.385039273299206,1.5162438216464453,0.0
-10.410039273671735,1.5162285628571555,0.0
-10.435039274044264,1.516212541128401,0.0
-10.460039274416793,1.5161957564601822,0.0
-10.485039274789322,1.5161789717919634,0.0
-10.510039275161851,1.51616142418428,0.0
-10.53503927553438,1.5161438765765967,0.0
-10.56003927590691,1.5161255660294488,0.0
-10.585039276279439,1.5161064925428365,0.0
-10.610039276651968,1.5160866561167596,0.0
-10.635039277024497,1.5160668196906828,0.0
-10.660039277397026,1.5160462203251415,0.0
-10.685039277769555,1.5160256209596001,0.0
-10.710039278142084,1.5160034957151298,0.0
-10.735039278514613,1.5159813704706595,0.0
-10.760039278887142,1.5159584822867247,0.0
-10.78503927925967,1.5159348311633254,0.0
-10.8100392796322,1.5159104171004616,0.0
-10.835039280004729,1.5158852400981333,0.0
-10.860039280377258,1.5158593001563405,0.0
-10.885039280749787,1.5158333602145477,0.0
-10.910039281122316,1.515805894393826,0.0
-10.935039281494845,1.5157776656336397,0.0
-10.960039281867374,1.5157494368734534,0.0
-10.985039282239903,1.5157196822343382,0.0
-11.010039282612432,1.5156891646557584,0.0
-11.035039282984961,1.5156578841377142,0.0
-11.06003928335749,1.5156258406802054,0.0
-11.08503928373002,1.5155930342832322,0.0
-11.110039284102548,1.51555870200733,0.0
-11.135039284475077,1.5155236067919633,0.0
-11.160039284847606,1.515487748637132,0.0
-11.185039285220135,1.515450364603372,0.0
-11.210039285592664,1.5154129805696117,0.0
-11.235039285965193,1.515373307717458,0.0
-11.260039286337722,1.5153336348653044,0.0
-11.285039286710251,1.5152916731947572,0.0
-11.31003928708278,1.5152489485847456,0.0
-11.33503928745531,1.5152054610352694,0.0
-11.360039287827838,1.5151604476068643,0.0
-11.385039288200367,1.5151139082995302,0.0
-11.410039288572897,1.5150666060527316,0.0
-11.435039288945426,1.515017777927004,0.0
-11.460039289317955,1.5149674239223474,0.0
-11.485039289690484,1.5149155440387618,0.0
-11.510039290063013,1.5148621382762473,0.0
-11.535039290435542,1.5148072066348037,0.0
-11.56003929080807,1.5147515120538957,0.0
-11.5850392911806,1.5146935286545942,0.0
-11.610039291553129,1.5146340193763637,0.0
-11.635039291925658,1.5145722212797397,0.0
-11.660039292298187,1.5145096602436512,0.0
-11.685039292670716,1.5144448103891692,0.0
-11.710037767164316,1.5143784346557583,0.0
-11.735037767536845,1.5143097701039538,0.0
-11.760037767909374,1.514238816733756,0.0
-11.785037768281903,1.514166337484629,0.0
-11.810037768654432,1.5140923323565731,0.0
-11.835037769026961,1.5140152754706593,0.0
-11.86003776939949,1.5139366927058164,0.0
-11.885037769772019,1.51385582112258,0.0
-11.910037770144548,1.5137718977814858,0.0
-11.935037770517077,1.5136864485614625,0.0
-11.960037770889606,1.5135987105230457,0.0
-11.985037771262135,1.513507920726771,0.0
-12.010036245755735,1.5134148421121028,0.0
-12.035036246128264,1.5133187117395765,0.0
-12.060036246500793,1.5132202925486569,0.0
-12.085036246873322,1.5131188215998792,0.0
-12.110036247245851,1.5130142988932436,0.0
-12.13503624761838,1.5129074873682145,0.0
-12.16003624799091,1.5127968611458629,0.0
-12.18503472248451,1.5126831831656533,0.0
-12.210034722857039,1.5125664534275858,0.0
-12.235034723229568,1.5124466719316603,0.0
-12.260034723602097,1.5123230757384123,0.0
-12.285034723974626,1.5121964277873063,0.0
-12.310033198468226,1.512065965138878,0.0
-12.335033198840755,1.511931687793127,0.0
-12.360033199213284,1.5117935957500537,0.0
-12.385033199585813,1.5116516890096579,0.0
-12.410031674079413,1.5115059675719396,0.0
-12.435031674451942,1.5113556684974343,0.0
-12.46003167482447,1.5112015547256066,0.0
-12.48503014931807,1.511042863316992,0.0
-12.5100301496906,1.5108795942715902,0.0
-12.535030150063129,1.5107117475894016,0.0
-12.560028624556729,1.510539323270426,0.0
-12.585028624929258,1.510361558375199,0.0
-12.610028625301787,1.510179215843185,0.0
-12.635027099795387,1.5099915327349196,0.0
-12.660027100167916,1.5097985090504027,0.0
-12.685025574661516,1.5095993818501698,0.0
-12.710024049155116,1.50939567701315,0.0
-12.735024049527645,1.5091851057209498,0.0
-12.760022524021245,1.508969193852498,0.0
-12.785022524393774,1.5087471784683304,0.0
-12.810020998887374,1.5085190595684468,0.0
-12.835019473380974,1.5082840742133827,0.0
-12.860017947874574,1.5080422224031382,0.0
-12.885017948247103,1.5077935041377133,0.0
-12.910016422740703,1.507537919417108,0.0
-12.935014897234304,1.507275468241322,0.0
-12.960013371727904,1.5070053876708913,0.0
-12.985011846221504,1.5067269147663511,0.0
-13.010010320715104,1.5064415754066305,0.0
-13.035008795208704,1.5061478437128004,0.0
-13.060007269702304,1.5058449567453964,0.0
-13.085004218316975,1.5055344403833475,0.0
-13.110002692810575,1.5052147687477246,0.0
-13.135001167304175,1.5048859418385279,0.0
-13.159998115918846,1.5045479596557572,0.0
-13.184995064533517,1.504200059259948,0.0
-13.209993539027117,1.5038422406511005,0.0
-13.234990487641788,1.5034745038292145,0.0
-13.25998743625646,1.5030960858548257,0.0
-13.28498438487113,1.5027077496673984,0.0
-13.309981333485801,1.5023072064485392,0.0
-13.334978282100472,1.5018959820771771,0.0
-13.359973704836214,1.5014733136138476,0.0
-13.384970653450885,1.5010376751796217,0.0
-13.409966076186628,1.5005905926534284,0.0
-13.434963024801299,1.5001305401563387,0.0
-13.45995844753704,1.4996567547488882,0.0
-13.484953870272783,1.4991699993705412,0.0
-13.509947767129596,1.4986695110818333,0.0
-13.534943189865338,1.4981552898827646,0.0
-13.559937086722151,1.497625809894406,0.0
-13.584930983578964,1.4970810711167575,0.0
-13.609924880435777,1.4965218364892836,0.0
-13.63491877729259,1.4959458171935909,0.0
-13.659911148270474,1.4953537761691438,0.0
-13.684903519248358,1.4947449504764778,0.0
-13.709895890226242,1.4941185771761285,0.0
-13.734888261204127,1.4934746562680958,0.0
-13.759879106303082,1.4928124248129153,0.0
-13.784869951402037,1.4921311198711225,0.0
-13.809859270622063,1.4914307414427173,0.0
-13.834850115721018,1.4907105265882352,0.0
-13.859837909062115,1.4899697123682119,0.0
-13.884827228282141,1.4892075358431827,0.0
-13.909815021623238,1.4884239970131476,0.0
-13.934801289085406,1.4876183329386423,0.0
-13.959787556547575,1.4867897806802022,0.0
-13.984773824009743,1.4859375772983627,0.0
-14.009758565592982,1.4850609598536595,0.0
-14.034741781297292,1.4841599283460924,0.0
-14.059724997001602,1.4832329568967326,0.0
-14.084706686826983,1.48228004550558,0.0
-14.109686850773436,1.4812996682937056,0.0
-14.134667014719888,1.480291062321645,0.0
-14.159645652787411,1.4792549905288626,0.0
-14.184622764976005,1.4781884011575004,0.0
-14.20959835128567,1.477092057147023,0.0
-14.234573937595336,1.4759644326185013,0.0
-14.259546472147143,1.4748055275719354,0.0
-14.284517480820021,1.4736130531889318,0.0
-14.3094884894929,1.4723870094694904,0.0
-14.33445644640792,1.4711258705346824,0.0
-14.359422877444011,1.469828873445043,0.0
-14.384386256722244,1.4684952552611081,0.0
-14.409349636000478,1.467124253043413,0.0
-14.434311489399782,1.4657433326126794,0.0
-14.459273342799086,1.4643631751214103,0.0
-14.48423519619839,1.4629822546906768,0.0
-14.509197049597695,1.4616020971994077,0.0
-14.534158902997,1.4602211767686741,0.0
-14.559120756396304,1.458841019277405,0.0
-14.584082609795608,1.457460861786136,0.0
-14.609044463194913,1.4560799413554024,0.0
-14.634006316594217,1.4546997838641333,0.0
-14.658968169993521,1.4533188634333998,0.0
-14.683930023392826,1.4519387059421307,0.0
-14.70889187679213,1.4505577855113971,0.0
-14.733853730191434,1.449177628020128,0.0
-14.758815583590739,1.4477967075893945,0.0
-14.783777436990043,1.4464165500981254,0.0
-14.808739290389347,1.4450356296673919,0.0
-14.833701143788652,1.4436554721761228,0.0
-14.858662997187956,1.4422745517453892,0.0
-14.88362485058726,1.4408943942541201,0.0
-14.908586703986565,1.4395134738233866,0.0
-14.933548557385869,1.4381333163321175,0.0
-14.958510410785173,1.436752395901384,0.0
-14.983472264184478,1.4353722384101149,0.0
-15.008434117583782,1.4339913179793813,0.0
-15.033395970983086,1.4326111604881122,0.0
-15.05835782438239,1.4312310029968431,0.0
-15.083319677781695,1.4298500825661096,0.0
-15.108281531181,1.4284699250748405,0.0
-15.133243384580304,1.427089004644107,0.0
-15.158205237979608,1.4257088471528379,0.0
-15.183167091378913,1.4243279267221043,0.0
-15.208128944778217,1.4229477692308352,0.0
-15.233090798177521,1.4215668488001016,0.0
-15.258052651576826,1.4201866913088326,0.0
-15.28301450497613,1.418805770878099,0.0
-15.307976358375434,1.41742561338683,0.0
-15.332938211774739,1.4160446929560964,0.0
-15.357900065174043,1.4146645354648273,0.0
-15.382861918573347,1.4132836150340937,0.0
-15.407823771972652,1.4119034575428246,0.0
-15.432785625371956,1.410522537112091,0.0
-15.45774747877126,1.4091416166813575,0.0
-15.482709332170565,1.4077614591900884,0.0
-15.507671185569869,1.4063805387593549,0.0
-15.532633038969173,1.4049996183286213,0.0
-15.557594892368478,1.4036194608373522,0.0
-15.582556745767782,1.4022385404066187,0.0
-15.607518599167086,1.400857619975885,0.0
-15.63248045256639,1.3994766995451515,0.0
-15.657442305965695,1.398095779114418,0.0
-15.682404159365,1.3967156216231489,0.0
-15.707366012764304,1.3953347011924153,0.0
-15.732327866163608,1.3939537807616817,0.0
-15.757289719562912,1.3925728603309482,0.0
-15.782251572962217,1.3911919399002146,0.0
-15.807213426361521,1.389811019469481,0.0
-15.832175279760826,1.3884300990387475,0.0
-15.85713713316013,1.387049178608014,0.0
-15.882098986559434,1.3856682581772803,0.0
-15.907060839958739,1.3842865748070823,0.0
-15.932022693358043,1.3829056543763487,0.0
-15.956983020878418,1.3815247339456151,0.0
-15.981944874277723,1.3801438135148816,0.0
-16.006906727677027,1.378762893084148,0.0
-16.03186858107633,1.37738120971395,0.0
-16.056830434475636,1.3760002892832164,0.0
-16.08179228787494,1.3746193688524828,0.0
-16.106754141274244,1.3732376854822848,0.0
-16.13171599467355,1.3718567650515512,0.0
-16.156677848072853,1.3704758446208176,0.0
-16.181639701472157,1.3690941612506196,0.0
-16.20660155487146,1.367713240819886,0.0
-16.231563408270766,1.366331557449688,0.0
-16.25652526167007,1.3649506370189544,0.0
-16.281487115069375,1.3635689536487563,0.0
-16.30644896846868,1.3621880332180227,0.0
-16.331410821867983,1.3608063498478247,0.0
-16.356372675267288,1.359425429417091,0.0
-16.381334528666592,1.358043746046893,0.0
-16.406296382065896,1.3566628256161595,0.0
-16.4312582354652,1.3552811422459614,0.0
-16.456220088864505,1.3538994588757634,0.0
-16.48118194226381,1.3525185384450298,0.0
-16.506143795663114,1.3511368550748317,0.0
-16.531105649062418,1.3497551717046337,0.0
-16.556067502461723,1.3483742512739,0.0
-16.581029355861027,1.346992567903702,0.0
-16.60599120926033,1.345610884533504,0.0
-16.630953062659636,1.3442299641027704,0.0
-16.65591491605894,1.3428482807325723,0.0
-16.680876769458244,1.3414665973623743,0.0
-16.70583862285755,1.3400849139921762,0.0
-16.730800476256853,1.3387039935614427,0.0
-16.755762329656157,1.3373223101912446,0.0
-16.78072418305546,1.3359406268210465,0.0
-16.805686036454766,1.3345589434508485,0.0
-16.83064636397514,1.3331772600806504,0.0
-16.855608217374446,1.3317963396499168,0.0
-16.88057007077375,1.3304146562797188,0.0
-16.905531924173054,1.3290329729095207,0.0
-16.93049377757236,1.3276512895393227,0.0
-16.955455630971663,1.3262696061691246,0.0
-16.980417484370967,1.3248879227989265,0.0
-17.00537933777027,1.3235062394287285,0.0
-17.030341191169576,1.3221245560585304,0.0
-17.05530304456888,1.3207436356277968,0.0
-17.080264897968185,1.3193619522575988,0.0
-17.10522675136749,1.3179802688874007,0.0
-17.130188604766794,1.3165985855172027,0.0
-17.155150458166098,1.3152169021470046,0.0
-17.180112311565402,1.3138352187768065,0.0
-17.205074164964707,1.3124535354066085,0.0
-17.23003601836401,1.3110718520364104,0.0
-17.254997871763315,1.3096901686662124,0.0
-17.27995972516262,1.3083084852960143,0.0
-17.304921578561924,1.3069268019258162,0.0
-17.32988343196123,1.3055451185556182,0.0
-17.354845285360533,1.30416343518542,0.0
-17.379807138759837,1.302781751815222,0.0
-17.40476899215914,1.301400068445024,0.0
-17.429730845558446,1.300018385074826,0.0
-17.45469269895775,1.2986367017046279,0.0
-17.479653026478125,1.2972550183344298,0.0
-17.50461487987743,1.2958733349642317,0.0
-17.529576733276734,1.2944916515940337,0.0
-17.55453858667604,1.2931099682238356,0.0
-17.579500440075343,1.2917282848536376,0.0
-17.604462293474647,1.2903466014834395,0.0
-17.62942414687395,1.2889649181132414,0.0
-17.654386000273256,1.2875832347430434,0.0
-17.67934785367256,1.2862015513728453,0.0
-17.704309707071864,1.2848198680026472,0.0
-17.72927156047117,1.2834381846324492,0.0
-17.754233413870473,1.2820565012622511,0.0
-17.779195267269778,1.280674817892053,0.0
-17.804157120669082,1.279293134521855,0.0
-17.829118974068386,1.277911451151657,0.0
-17.85408082746769,1.2765297677814589,0.0
-17.879042680866995,1.2751480844112608,0.0
-17.9040045342663,1.2737664010410628,0.0
-17.928966387665604,1.2723847176708647,0.0
-17.953928241064908,1.2710030343006666,0.0
-17.978890094464212,1.2696213509304686,0.0
-18.003851947863517,1.2682396675602705,0.0
-18.02881380126282,1.2668579841900725,0.0
-18.053775654662125,1.2654763008198744,0.0
-18.07873750806143,1.2640946174496763,0.0
-18.103697835581805,1.2627129340794783,0.0
-18.12865968898111,1.2613312507092802,0.0
-18.153621542380414,1.2599495673390821,0.0
-18.178583395779718,1.258567883968884,0.0
-18.203545249179022,1.257186200598686,0.0
-18.228507102578327,1.255804517228488,0.0
-18.25346895597763,1.25442283385829,0.0
-18.278430809376935,1.2530411504880918,0.0
-18.30339266277624,1.2516594671178938,0.0
-18.328354516175544,1.2502777837476957,0.0
-18.35331636957485,1.2488961003774977,0.0
-18.378278222974153,1.2475144170072996,0.0
-18.403240076373457,1.2461327336371015,0.0
-18.42820192977276,1.2447510502669035,0.0
-18.453163783172066,1.2433693668967054,0.0
-18.47812563657137,1.2419876835265073,0.0
-18.503087489970675,1.2406067630957738,0.0
-18.52804934336998,1.2392250797255757,0.0
-18.553011196769283,1.2378433963553777,0.0
-18.577972287229123,1.2364617129851796,0.0
-18.602934140628427,1.2350800296149815,0.0
-18.62789599402773,1.2336983462447835,0.0
-18.652857847427036,1.2323166628745854,0.0
-18.67781970082634,1.2309349795043873,0.0
-18.702781554225645,1.2295532961341893,0.0
-18.72774340762495,1.2281716127639912,0.0
-18.752705261024254,1.2267899293937932,0.0
-18.777667114423558,1.225408246023595,0.0
-18.802628967822862,1.224026562653397,0.0
-18.827590821222167,1.222644879283199,0.0
-18.85255267462147,1.221263195913001,0.0
-18.877514528020775,1.2198815125428029,0.0
-18.902475618480615,1.2184998291726048,0.0
-18.92743747187992,1.2171181458024067,0.0
-18.952399325279224,1.2157364624322087,0.0
-18.977361178678528,1.2143547790620106,0.0
-19.002323032077832,1.2129730956918126,0.0
-19.027284885477137,1.2115914123216145,0.0
-19.05224673887644,1.2102097289514164,0.0
-19.077208592275746,1.2088280455812184,0.0
-19.10217044567505,1.2074463622110203,0.0
-19.127132299074354,1.2060646788408222,0.0
-19.15209415247366,1.2046829954706242,0.0
-19.177056005872963,1.2033013121004261,0.0
-19.202017859272267,1.201919628730228,0.0
-19.226978949732107,1.20053794536003,0.0
-19.25194080313141,1.199156261989832,0.0
-19.276902656530716,1.1977745786196339,0.0
-19.30186450993002,1.1963928952494358,0.0
-19.326826363329324,1.1950112118792378,0.0
-19.35178821672863,1.1936295285090397,0.0
-19.376750070127933,1.1922478451388416,0.0
-19.401711923527238,1.1908661617686436,0.0
-19.426673776926542,1.1894844783984455,0.0
-19.451635630325846,1.1881027950282474,0.0
-19.47659748372515,1.1867211116580494,0.0
-19.501559337124455,1.1853394282878513,0.0
-19.52652119052376,1.1839577449176533,0.0
-19.5514822809836,1.1825760615474552,0.0
-19.576444134382903,1.1811943781772571,0.0
-19.601405987782208,1.179812694807059,0.0
-19.626367841181512,1.178431011436861,0.0
-19.651329694580816,1.177049328066663,0.0
-19.67629154798012,1.175667644696465,0.0
-19.701253401379425,1.1742859613262668,0.0
-19.72621525477873,1.1729042779560688,0.0
-19.751177108178034,1.1715225945858707,0.0
-19.776138961577338,1.1701409112156727,0.0
-19.801100814976643,1.1687592278454746,0.0
-19.826062668375947,1.1673775444752765,0.0
-19.85102452177525,1.1659958611050785,0.0
-19.87598561223509,1.1646141777348804,0.0
-19.900947465634395,1.1632324943646823,0.0
-19.9259093190337,1.1618508109944843,0.0
-19.950871172433004,1.1604691276242862,0.0
-19.97583302583231,1.1590874442540882,0.0
-20.000794879231613,1.15770576088389,0.0
-20.025756732630917,1.1563248404531565,0.0
-20.05071858603022,1.1549431570829585,0.0
-20.075680439429526,1.1535614737127604,0.0
-20.10064229282883,1.1521797903425623,0.0
-20.125604146228135,1.1507981069723643,0.0
-20.15056599962744,1.1494164236021662,0.0
-20.17552709008728,1.1480347402319682,0.0
-20.200488943486583,1.14665305686177,0.0
-20.225450796885887,1.145271373491572,0.0
-20.25041265028519,1.143889690121374,0.0
-20.275374503684496,1.142508006751176,0.0
-20.3003363570838,1.1411263233809779,0.0
-20.325298210483105,1.1397446400107798,0.0
-20.35026006388241,1.1383629566405817,0.0
-20.375221917281714,1.1369812732703837,0.0
-20.400183770681018,1.1355995899001856,0.0
-20.425145624080322,1.1342179065299876,0.0
-20.450107477479627,1.1328362231597895,0.0
-20.47506933087893,1.1314545397895914,0.0
-20.50003042133877,1.1300728564193934,0.0
-20.524992274738075,1.1286911730491953,0.0
-20.54995412813738,1.1273094896789972,0.0
-20.574915981536684,1.1259278063087992,0.0
-20.599877834935988,1.1245461229386011,0.0
-20.624839688335292,1.123164439568403,0.0
-20.649801541734597,1.121782756198205,0.0
-20.6747633951339,1.120401072828007,0.0
-20.699725248533206,1.1190193894578089,0.0
-20.72468710193251,1.1176377060876108,0.0
-20.749648955331814,1.1162560227174128,0.0
-20.77461080873112,1.1148743393472147,0.0
-20.799572662130423,1.1134926559770166,0.0
-20.824533752590263,1.1121109726068186,0.0
-20.849495605989567,1.1107292892366205,0.0
-20.87445745938887,1.1093476058664224,0.0
-20.899419312788176,1.1079659224962244,0.0
-20.92438116618748,1.1065842391260263,0.0
-20.949343019586784,1.1052025557558283,0.0
-20.97430487298609,1.1038208723856302,0.0
-20.999266726385393,1.1024391890154321,0.0
-21.024228579784698,1.101057505645234,0.0
-21.049190433184002,1.099675822275036,0.0
-21.074152286583306,1.098294138904838,0.0
-21.09911413998261,1.09691245553464,0.0
-21.124075993381915,1.0955307721644418,0.0
-21.149037083841755,1.0941490887942438,0.0
-21.17399893724106,1.0927674054240457,0.0
-21.198960790640363,1.0913857220538477,0.0
-21.223922644039668,1.0900040386836496,0.0
-21.248884497438972,1.0886223553134515,0.0
-21.273846350838276,1.0872406719432535,0.0
-21.29880820423758,1.0858589885730554,0.0
-21.323770057636885,1.0844773052028573,0.0
-21.34873191103619,1.0830956218326593,0.0
-21.373693764435494,1.0817139384624612,0.0
-21.398655617834798,1.0803322550922632,0.0
-21.423617471234103,1.078950571722065,0.0
-21.448579324633407,1.077568888351867,0.0
-21.473540415093247,1.076187204981669,0.0
-21.49850226849255,1.074805521611471,0.0
-21.523464121891855,1.0734246011807373,0.0
-21.54842597529116,1.0720429178105393,0.0
-21.573387828690464,1.0706612344403412,0.0
-21.59834968208977,1.0692795510701432,0.0
-21.623311535489073,1.0678986306394096,0.0
-21.648273388888377,1.0665169472692115,0.0
-21.67323524228768,1.065136026838478,0.0
-21.698197095686986,1.06375434346828,0.0
-21.72315894908629,1.0623734230375463,0.0
-21.748120802485595,1.0609917396673483,0.0
-21.7730826558849,1.0596108192366147,0.0
-21.798044509284203,1.0582291358664166,0.0
-21.823006362683508,1.056848215435683,0.0
-21.847968216082812,1.055466532065485,0.0
-21.87292930654265,1.0540856116347515,0.0
-21.897891159941956,1.0527039282645534,0.0
-21.92285301334126,1.0513230078338198,0.0
-21.947814866740565,1.0499420874030863,0.0
-21.97277672013987,1.0485604040328882,0.0
-21.997738573539174,1.0471794836021546,0.0
-22.022700426938478,1.0457978002319566,0.0
-22.047662280337782,1.044416879801223,0.0
-22.072624133737087,1.043035196431025,0.0
-22.09758598713639,1.0416542760002914,0.0
-22.122547840535695,1.0402725926300933,0.0
-22.147509693935,1.0388916721993597,0.0
-22.172471547334304,1.0375099888291617,0.0
-22.19743340073361,1.036129068398428,0.0
-22.222395254132913,1.03474738502823,0.0
-22.247357107532217,1.0333664645974965,0.0
-22.27231896093152,1.0319847812272984,0.0
-22.297280814330826,1.0306038607965649,0.0
-22.322241904790666,1.0292221774263668,0.0
-22.34720375818997,1.0278412569956332,0.0
-22.372165611589274,1.0264595736254352,0.0
-22.39712746498858,1.0250786531947016,0.0
-22.422089318387883,1.0236969698245035,0.0
-22.447051171787187,1.02231604939377,0.0
-22.47201302518649,1.020934366023572,0.0
-22.496974878585796,1.0195534455928383,0.0
-22.5219367319851,1.0181717622226403,0.0
-22.546898585384405,1.0167908417919067,0.0
-22.586,0.966,-3.035
